,CaseNo,CaseTitle,Pertains,Justice,Vote,Appellant,Appellee
0,21-1086,Allen v. Milligan,Act ,"John G. Roberts, Jr.",Majority,Allen,Milligan
1,21-1086,Allen v. Milligan,Act ,Clarence Thomas,Minority,Allen,Milligan
2,21-1086,Allen v. Milligan,Act ,"Samuel A. Alito, Jr.",Minority,Allen,Milligan
3,21-1086,Allen v. Milligan,Act ,Sonia Sotomayor,Majority,Allen,Milligan
4,21-1086,Allen v. Milligan,Act ,Elena Kagan,Majority,Allen,Milligan
5,21-1086,Allen v. Milligan,Act ,Neil Gorsuch,Minority,Allen,Milligan
6,21-1086,Allen v. Milligan,Act ,Brett M. Kavanaugh,Majority,Allen,Milligan
7,21-1086,Allen v. Milligan,Act ,Amy Coney Barrett,Minority,Allen,Milligan
8,21-1086,Allen v. Milligan,Act ,Ketanji Brown Jackson,Majority,Allen,Milligan
9,21-757,Amgen Inc. v. Sanofi,Act ,Neil Gorsuch,Majority,Amgen Inc.,Sanofi
10,21-757,Amgen Inc. v. Sanofi,Act ,"John G. Roberts, Jr.",Majority,Amgen Inc.,Sanofi
11,21-757,Amgen Inc. v. Sanofi,Act ,Clarence Thomas,Majority,Amgen Inc.,Sanofi
12,21-757,Amgen Inc. v. Sanofi,Act ,"Samuel A. Alito, Jr.",Majority,Amgen Inc.,Sanofi
13,21-757,Amgen Inc. v. Sanofi,Act ,Sonia Sotomayor,Majority,Amgen Inc.,Sanofi
14,21-757,Amgen Inc. v. Sanofi,Act ,Elena Kagan,Majority,Amgen Inc.,Sanofi
15,21-757,Amgen Inc. v. Sanofi,Act ,Brett M. Kavanaugh,Majority,Amgen Inc.,Sanofi
16,21-757,Amgen Inc. v. Sanofi,Act ,Amy Coney Barrett,Majority,Amgen Inc.,Sanofi
17,21-757,Amgen Inc. v. Sanofi,Act ,Ketanji Brown Jackson,Majority,Amgen Inc.,Sanofi
18,21-869,"Andy Warhol Foundation for the Visual Arts, Inc. v. Goldsmith",Act ,Sonia Sotomayor,Majority,"Andy Warhol Foundation for the Visual Arts, Inc.",Goldsmith
19,21-869,"Andy Warhol Foundation for the Visual Arts, Inc. v. Goldsmith",Act ,"John G. Roberts, Jr.",Minority,"Andy Warhol Foundation for the Visual Arts, Inc.",Goldsmith
20,21-869,"Andy Warhol Foundation for the Visual Arts, Inc. v. Goldsmith",Act ,Clarence Thomas,Majority,"Andy Warhol Foundation for the Visual Arts, Inc.",Goldsmith
21,21-869,"Andy Warhol Foundation for the Visual Arts, Inc. v. Goldsmith",Act ,"Samuel A. Alito, Jr.",Majority,"Andy Warhol Foundation for the Visual Arts, Inc.",Goldsmith
22,21-869,"Andy Warhol Foundation for the Visual Arts, Inc. v. Goldsmith",Act ,Elena Kagan,Minority,"Andy Warhol Foundation for the Visual Arts, Inc.",Goldsmith
23,21-869,"Andy Warhol Foundation for the Visual Arts, Inc. v. Goldsmith",Act ,Neil Gorsuch,Majority,"Andy Warhol Foundation for the Visual Arts, Inc.",Goldsmith
24,21-869,"Andy Warhol Foundation for the Visual Arts, Inc. v. Goldsmith",Act ,Brett M. Kavanaugh,Majority,"Andy Warhol Foundation for the Visual Arts, Inc.",Goldsmith
25,21-869,"Andy Warhol Foundation for the Visual Arts, Inc. v. Goldsmith",Act ,Amy Coney Barrett,Majority,"Andy Warhol Foundation for the Visual Arts, Inc.",Goldsmith
26,21-869,"Andy Warhol Foundation for the Visual Arts, Inc. v. Goldsmith",Act ,Ketanji Brown Jackson,Majority,"Andy Warhol Foundation for the Visual Arts, Inc.",Goldsmith
27,21-432,Arellano v. McDonough,Act ,Amy Coney Barrett,Majority,Arellano,McDonough
28,21-432,Arellano v. McDonough,Act ,"John G. Roberts, Jr.",Majority,Arellano,McDonough
29,21-432,Arellano v. McDonough,Act ,Clarence Thomas,Majority,Arellano,McDonough
30,21-432,Arellano v. McDonough,Act ,"Samuel A. Alito, Jr.",Majority,Arellano,McDonough
31,21-432,Arellano v. McDonough,Act ,Sonia Sotomayor,Majority,Arellano,McDonough
32,21-432,Arellano v. McDonough,Act ,Elena Kagan,Majority,Arellano,McDonough
33,21-432,Arellano v. McDonough,Act ,Neil Gorsuch,Majority,Arellano,McDonough
34,21-432,Arellano v. McDonough,Act ,Brett M. Kavanaugh,Majority,Arellano,McDonough
35,21-432,Arellano v. McDonough,Act ,Ketanji Brown Jackson,Majority,Arellano,McDonough
36,21-908,Bartenwerfer v. Buckley,Act ,Amy Coney Barrett,Majority,Bartenwerfer,Buckley
37,21-908,Bartenwerfer v. Buckley,Act ,"John G. Roberts, Jr.",Majority,Bartenwerfer,Buckley
38,21-908,Bartenwerfer v. Buckley,Act ,Clarence Thomas,Majority,Bartenwerfer,Buckley
39,21-908,Bartenwerfer v. Buckley,Act ,"Samuel A. Alito, Jr.",Majority,Bartenwerfer,Buckley
40,21-908,Bartenwerfer v. Buckley,Act ,Sonia Sotomayor,Majority,Bartenwerfer,Buckley
41,21-908,Bartenwerfer v. Buckley,Act ,Elena Kagan,Majority,Bartenwerfer,Buckley
42,21-908,Bartenwerfer v. Buckley,Act ,Brett M. Kavanaugh,Majority,Bartenwerfer,Buckley
43,21-908,Bartenwerfer v. Buckley,Act ,Neil Gorsuch,Majority,Bartenwerfer,Buckley
44,21-908,Bartenwerfer v. Buckley,Act ,Ketanji Brown Jackson,Majority,Bartenwerfer,Buckley
45,21-1195,Bittner v. United States,Act ,Neil Gorsuch,Majority,Bittner,United States
46,21-1195,Bittner v. United States,Act ,Ketanji Brown Jackson,Majority,Bittner,United States
47,21-1195,Bittner v. United States,Act ,"John G. Roberts, Jr.",Majority,Bittner,United States
48,21-1195,Bittner v. United States,Act ,"Samuel A. Alito, Jr.",Majority,Bittner,United States
49,21-1195,Bittner v. United States,Act ,Brett M. Kavanaugh,Majority,Bittner,United States
50,21-1195,Bittner v. United States,Act ,Amy Coney Barrett,Minority,Bittner,United States
51,21-1195,Bittner v. United States,Act ,Clarence Thomas,Minority,Bittner,United States
52,21-1195,Bittner v. United States,Act ,Sonia Sotomayor,Minority,Bittner,United States
53,21-1195,Bittner v. United States,Act ,Elena Kagan,Minority,Bittner,United States
54,21-1170,Ciminelli v. United States,Act ,Clarence Thomas,Majority,Ciminelli,United States
55,21-1170,Ciminelli v. United States,Act ,"John G. Roberts, Jr.",Majority,Ciminelli,United States
56,21-1170,Ciminelli v. United States,Act ,"Samuel A. Alito, Jr.",Majority,Ciminelli,United States
57,21-1170,Ciminelli v. United States,Act ,Sonia Sotomayor,Majority,Ciminelli,United States
58,21-1170,Ciminelli v. United States,Act ,Elena Kagan,Majority,Ciminelli,United States
59,21-1170,Ciminelli v. United States,Act ,Neil Gorsuch,Majority,Ciminelli,United States
60,21-1170,Ciminelli v. United States,Act ,Brett M. Kavanaugh,Majority,Ciminelli,United States
61,21-1170,Ciminelli v. United States,Act ,Ketanji Brown Jackson,Majority,Ciminelli,United States
62,21-1170,Ciminelli v. United States,Act ,Amy Coney Barrett,Majority,Ciminelli,United States
63,21-846,Cruz v. Arizona,Amendment ,Sonia Sotomayor,Majority,Cruz,Arizona
64,21-846,Cruz v. Arizona,Amendment ,"John G. Roberts, Jr.",Majority,Cruz,Arizona
65,21-846,Cruz v. Arizona,Amendment ,Elena Kagan,Majority,Cruz,Arizona
66,21-846,Cruz v. Arizona,Amendment ,Ketanji Brown Jackson,Majority,Cruz,Arizona
67,21-846,Cruz v. Arizona,Amendment ,Brett M. Kavanaugh,Majority,Cruz,Arizona
68,21-846,Cruz v. Arizona,Amendment ,Amy Coney Barrett,Minority,Cruz,Arizona
69,21-846,Cruz v. Arizona,Amendment ,"Samuel A. Alito, Jr.",Minority,Cruz,Arizona
70,21-846,Cruz v. Arizona,Amendment ,Clarence Thomas,Minority,Cruz,Arizona
71,21-846,Cruz v. Arizona,Amendment ,Neil Gorsuch,Minority,Cruz,Arizona
72,22O145,Delaware v. Pennsylvania and Wisconsin,Amendment ,Ketanji Brown Jackson,Majority,Delaware,Pennsylvania and Wisconsin
73,22O145,Delaware v. Pennsylvania and Wisconsin,Amendment ,"John G. Roberts, Jr.",Majority,Delaware,Pennsylvania and Wisconsin
74,22O145,Delaware v. Pennsylvania and Wisconsin,Amendment ,Clarence Thomas,Majority,Delaware,Pennsylvania and Wisconsin
75,22O145,Delaware v. Pennsylvania and Wisconsin,Amendment ,"Samuel A. Alito, Jr.",Majority,Delaware,Pennsylvania and Wisconsin
76,22O145,Delaware v. Pennsylvania and Wisconsin,Amendment ,Sonia Sotomayor,Majority,Delaware,Pennsylvania and Wisconsin
77,22O145,Delaware v. Pennsylvania and Wisconsin,Amendment ,Elena Kagan,Majority,Delaware,Pennsylvania and Wisconsin
78,22O145,Delaware v. Pennsylvania and Wisconsin,Amendment ,Neil Gorsuch,Majority,Delaware,Pennsylvania and Wisconsin
79,22O145,Delaware v. Pennsylvania and Wisconsin,Amendment ,Brett M. Kavanaugh,Majority,Delaware,Pennsylvania and Wisconsin
80,22O145,Delaware v. Pennsylvania and Wisconsin,Amendment ,Amy Coney Barrett,Majority,Delaware,Pennsylvania and Wisconsin
81,22-10,Dubin v. United States,Amendment ,Sonia Sotomayor,Majority,Dubin,United States
82,22-10,Dubin v. United States,Amendment ,"John G. Roberts, Jr.",Majority,Dubin,United States
83,22-10,Dubin v. United States,Amendment ,Clarence Thomas,Majority,Dubin,United States
84,22-10,Dubin v. United States,Amendment ,"Samuel A. Alito, Jr.",Majority,Dubin,United States
85,22-10,Dubin v. United States,Amendment ,Elena Kagan,Majority,Dubin,United States
86,22-10,Dubin v. United States,Amendment ,Neil Gorsuch,Majority,Dubin,United States
87,22-10,Dubin v. United States,Amendment ,Brett M. Kavanaugh,Majority,Dubin,United States
88,22-10,Dubin v. United States,Amendment ,Amy Coney Barrett,Majority,Dubin,United States
89,22-10,Dubin v. United States,Amendment ,Ketanji Brown Jackson,Majority,Dubin,United States
90,22-210,Dupree v. Younger,Amendment ,Amy Coney Barrett,Majority,Dupree,Younger
91,22-210,Dupree v. Younger,Amendment ,"John G. Roberts, Jr.",Majority,Dupree,Younger
92,22-210,Dupree v. Younger,Amendment ,Clarence Thomas,Majority,Dupree,Younger
93,22-210,Dupree v. Younger,Amendment ,"Samuel A. Alito, Jr.",Majority,Dupree,Younger
94,22-210,Dupree v. Younger,Amendment ,Sonia Sotomayor,Majority,Dupree,Younger
95,22-210,Dupree v. Younger,Amendment ,Elena Kagan,Majority,Dupree,Younger
96,22-210,Dupree v. Younger,Amendment ,Neil Gorsuch,Majority,Dupree,Younger
97,22-210,Dupree v. Younger,Amendment ,Brett M. Kavanaugh,Majority,Dupree,Younger
98,22-210,Dupree v. Younger,Amendment ,Ketanji Brown Jackson,Majority,Dupree,Younger
99,22-96,"Financial Oversight and Management Board for Puerto Rico v. Centro de Periodismo Investigativo, Inc.",Act ,Elena Kagan,Majority,Financial Oversight and Management Board for Puerto Rico,"Centro de Periodismo Investigativo, Inc."
100,22-96,"Financial Oversight and Management Board for Puerto Rico v. Centro de Periodismo Investigativo, Inc.",Act ,"John G. Roberts, Jr.",Majority,Financial Oversight and Management Board for Puerto Rico,"Centro de Periodismo Investigativo, Inc."
101,22-96,"Financial Oversight and Management Board for Puerto Rico v. Centro de Periodismo Investigativo, Inc.",Act ,Clarence Thomas,Minority,Financial Oversight and Management Board for Puerto Rico,"Centro de Periodismo Investigativo, Inc."
102,22-96,"Financial Oversight and Management Board for Puerto Rico v. Centro de Periodismo Investigativo, Inc.",Act ,"Samuel A. Alito, Jr.",Majority,Financial Oversight and Management Board for Puerto Rico,"Centro de Periodismo Investigativo, Inc."
103,22-96,"Financial Oversight and Management Board for Puerto Rico v. Centro de Periodismo Investigativo, Inc.",Act ,Sonia Sotomayor,Majority,Financial Oversight and Management Board for Puerto Rico,"Centro de Periodismo Investigativo, Inc."
104,22-96,"Financial Oversight and Management Board for Puerto Rico v. Centro de Periodismo Investigativo, Inc.",Act ,Neil Gorsuch,Majority,Financial Oversight and Management Board for Puerto Rico,"Centro de Periodismo Investigativo, Inc."
105,22-96,"Financial Oversight and Management Board for Puerto Rico v. Centro de Periodismo Investigativo, Inc.",Act ,Brett M. Kavanaugh,Majority,Financial Oversight and Management Board for Puerto Rico,"Centro de Periodismo Investigativo, Inc."
106,22-96,"Financial Oversight and Management Board for Puerto Rico v. Centro de Periodismo Investigativo, Inc.",Act ,Amy Coney Barrett,Majority,Financial Oversight and Management Board for Puerto Rico,"Centro de Periodismo Investigativo, Inc."
107,22-96,"Financial Oversight and Management Board for Puerto Rico v. Centro de Periodismo Investigativo, Inc.",Act ,Ketanji Brown Jackson,Majority,Financial Oversight and Management Board for Puerto Rico,"Centro de Periodismo Investigativo, Inc."
108,21-1449,"Glacier Northwest, Inc. v. International Brotherhood of Teamsters",Act ,Amy Coney Barrett,Majority,"Glacier Northwest, Inc.",International Brotherhood of Teamsters
109,21-1449,"Glacier Northwest, Inc. v. International Brotherhood of Teamsters",Act ,"John G. Roberts, Jr.",Majority,"Glacier Northwest, Inc.",International Brotherhood of Teamsters
110,21-1449,"Glacier Northwest, Inc. v. International Brotherhood of Teamsters",Act ,Clarence Thomas,Majority,"Glacier Northwest, Inc.",International Brotherhood of Teamsters
111,21-1449,"Glacier Northwest, Inc. v. International Brotherhood of Teamsters",Act ,"Samuel A. Alito, Jr.",Majority,"Glacier Northwest, Inc.",International Brotherhood of Teamsters
112,21-1449,"Glacier Northwest, Inc. v. International Brotherhood of Teamsters",Act ,Neil Gorsuch,Majority,"Glacier Northwest, Inc.",International Brotherhood of Teamsters
113,21-1449,"Glacier Northwest, Inc. v. International Brotherhood of Teamsters",Act ,Sonia Sotomayor,Majority,"Glacier Northwest, Inc.",International Brotherhood of Teamsters
114,21-1449,"Glacier Northwest, Inc. v. International Brotherhood of Teamsters",Act ,Elena Kagan,Majority,"Glacier Northwest, Inc.",International Brotherhood of Teamsters
115,21-1449,"Glacier Northwest, Inc. v. International Brotherhood of Teamsters",Act ,Brett M. Kavanaugh,Majority,"Glacier Northwest, Inc.",International Brotherhood of Teamsters
116,21-1449,"Glacier Northwest, Inc. v. International Brotherhood of Teamsters",Act ,Ketanji Brown Jackson,Minority,"Glacier Northwest, Inc.",International Brotherhood of Teamsters
117,21-376,Haaland v. Brackeen,Act ,Amy Coney Barrett,Majority,Haaland,Brackeen
118,21-376,Haaland v. Brackeen,Act ,"John G. Roberts, Jr.",Majority,Haaland,Brackeen
119,21-376,Haaland v. Brackeen,Act ,Clarence Thomas,Minority,Haaland,Brackeen
120,21-376,Haaland v. Brackeen,Act ,"Samuel A. Alito, Jr.",Minority,Haaland,Brackeen
121,21-376,Haaland v. Brackeen,Act ,Sonia Sotomayor,Majority,Haaland,Brackeen
122,21-376,Haaland v. Brackeen,Act ,Elena Kagan,Majority,Haaland,Brackeen
123,21-376,Haaland v. Brackeen,Act ,Neil Gorsuch,Majority,Haaland,Brackeen
124,21-376,Haaland v. Brackeen,Act ,Brett M. Kavanaugh,Majority,Haaland,Brackeen
125,21-376,Haaland v. Brackeen,Act ,Ketanji Brown Jackson,Majority,Haaland,Brackeen
126,21-806,Health and Hospital Corporation of Marion County v. Talevski,Clause ,Ketanji Brown Jackson,Majority,Health and Hospital Corporation of Marion County,Talevski
127,21-806,Health and Hospital Corporation of Marion County v. Talevski,Clause ,"John G. Roberts, Jr.",Majority,Health and Hospital Corporation of Marion County,Talevski
128,21-806,Health and Hospital Corporation of Marion County v. Talevski,Clause ,Clarence Thomas,Minority,Health and Hospital Corporation of Marion County,Talevski
129,21-806,Health and Hospital Corporation of Marion County v. Talevski,Clause ,"Samuel A. Alito, Jr.",Minority,Health and Hospital Corporation of Marion County,Talevski
130,21-806,Health and Hospital Corporation of Marion County v. Talevski,Clause ,Sonia Sotomayor,Majority,Health and Hospital Corporation of Marion County,Talevski
131,21-806,Health and Hospital Corporation of Marion County v. Talevski,Clause ,Elena Kagan,Majority,Health and Hospital Corporation of Marion County,Talevski
132,21-806,Health and Hospital Corporation of Marion County v. Talevski,Clause ,Amy Coney Barrett,Majority,Health and Hospital Corporation of Marion County,Talevski
133,21-806,Health and Hospital Corporation of Marion County v. Talevski,Clause ,Neil Gorsuch,Majority,Health and Hospital Corporation of Marion County,Talevski
134,21-806,Health and Hospital Corporation of Marion County v. Talevski,Clause ,Brett M. Kavanaugh,Majority,Health and Hospital Corporation of Marion County,Talevski
135,21-984,"Helix Energy Solutions Group, Inc. v. Hewitt",Clause ,Elena Kagan,Majority,"Helix Energy Solutions Group, Inc.",Hewitt
136,21-984,"Helix Energy Solutions Group, Inc. v. Hewitt",Clause ,"John G. Roberts, Jr.",Majority,"Helix Energy Solutions Group, Inc.",Hewitt
137,21-984,"Helix Energy Solutions Group, Inc. v. Hewitt",Clause ,Clarence Thomas,Majority,"Helix Energy Solutions Group, Inc.",Hewitt
138,21-984,"Helix Energy Solutions Group, Inc. v. Hewitt",Clause ,Sonia Sotomayor,Majority,"Helix Energy Solutions Group, Inc.",Hewitt
139,21-984,"Helix Energy Solutions Group, Inc. v. Hewitt",Clause ,Amy Coney Barrett,Majority,"Helix Energy Solutions Group, Inc.",Hewitt
140,21-984,"Helix Energy Solutions Group, Inc. v. Hewitt",Clause ,Ketanji Brown Jackson,Majority,"Helix Energy Solutions Group, Inc.",Hewitt
141,21-984,"Helix Energy Solutions Group, Inc. v. Hewitt",Clause ,Neil Gorsuch,Minority,"Helix Energy Solutions Group, Inc.",Hewitt
142,21-984,"Helix Energy Solutions Group, Inc. v. Hewitt",Clause ,Brett M. Kavanaugh,Minority,"Helix Energy Solutions Group, Inc.",Hewitt
143,21-984,"Helix Energy Solutions Group, Inc. v. Hewitt",Clause ,"Samuel A. Alito, Jr.",Minority,"Helix Energy Solutions Group, Inc.",Hewitt
144,22-148,Jack Daniel's Properties v. VIP Products LLC,Act ,Elena Kagan,Majority,Jack Daniel's Properties,VIP Products LLC
145,22-148,Jack Daniel's Properties v. VIP Products LLC,Act ,"John G. Roberts, Jr.",Majority,Jack Daniel's Properties,VIP Products LLC
146,22-148,Jack Daniel's Properties v. VIP Products LLC,Act ,Neil Gorsuch,Majority,Jack Daniel's Properties,VIP Products LLC
147,22-148,Jack Daniel's Properties v. VIP Products LLC,Act ,Clarence Thomas,Majority,Jack Daniel's Properties,VIP Products LLC
148,22-148,Jack Daniel's Properties v. VIP Products LLC,Act ,Amy Coney Barrett,Majority,Jack Daniel's Properties,VIP Products LLC
149,22-148,Jack Daniel's Properties v. VIP Products LLC,Act ,Sonia Sotomayor,Majority,Jack Daniel's Properties,VIP Products LLC
150,22-148,Jack Daniel's Properties v. VIP Products LLC,Act ,"Samuel A. Alito, Jr.",Majority,Jack Daniel's Properties,VIP Products LLC
151,22-148,Jack Daniel's Properties v. VIP Products LLC,Act ,Ketanji Brown Jackson,Majority,Jack Daniel's Properties,VIP Products LLC
152,22-148,Jack Daniel's Properties v. VIP Products LLC,Act ,Brett M. Kavanaugh,Majority,Jack Daniel's Properties,VIP Products LLC
153,22-227,Lac du Flambeau Band of Lake Superior Chippewa Indians v. Coughlin,Act ,Ketanji Brown Jackson,Majority,Lac du Flambeau Band of Lake Superior Chippewa Indians,Coughlin
154,22-227,Lac du Flambeau Band of Lake Superior Chippewa Indians v. Coughlin,Act ,"John G. Roberts, Jr.",Majority,Lac du Flambeau Band of Lake Superior Chippewa Indians,Coughlin
155,22-227,Lac du Flambeau Band of Lake Superior Chippewa Indians v. Coughlin,Act ,Clarence Thomas,Majority,Lac du Flambeau Band of Lake Superior Chippewa Indians,Coughlin
156,22-227,Lac du Flambeau Band of Lake Superior Chippewa Indians v. Coughlin,Act ,"Samuel A. Alito, Jr.",Majority,Lac du Flambeau Band of Lake Superior Chippewa Indians,Coughlin
157,22-227,Lac du Flambeau Band of Lake Superior Chippewa Indians v. Coughlin,Act ,Sonia Sotomayor,Majority,Lac du Flambeau Band of Lake Superior Chippewa Indians,Coughlin
158,22-227,Lac du Flambeau Band of Lake Superior Chippewa Indians v. Coughlin,Act ,Elena Kagan,Majority,Lac du Flambeau Band of Lake Superior Chippewa Indians,Coughlin
159,22-227,Lac du Flambeau Band of Lake Superior Chippewa Indians v. Coughlin,Act ,Neil Gorsuch,Minority,Lac du Flambeau Band of Lake Superior Chippewa Indians,Coughlin
160,22-227,Lac du Flambeau Band of Lake Superior Chippewa Indians v. Coughlin,Act ,Brett M. Kavanaugh,Majority,Lac du Flambeau Band of Lake Superior Chippewa Indians,Coughlin
161,22-227,Lac du Flambeau Band of Lake Superior Chippewa Indians v. Coughlin,Act ,Amy Coney Barrett,Majority,Lac du Flambeau Band of Lake Superior Chippewa Indians,Coughlin
162,22-49,Lora v. United States,Act ,Ketanji Brown Jackson,Majority,Lora,United States
163,22-49,Lora v. United States,Act ,"John G. Roberts, Jr.",Majority,Lora,United States
164,22-49,Lora v. United States,Act ,Clarence Thomas,Majority,Lora,United States
165,22-49,Lora v. United States,Act ,"Samuel A. Alito, Jr.",Majority,Lora,United States
166,22-49,Lora v. United States,Act ,Sonia Sotomayor,Majority,Lora,United States
167,22-49,Lora v. United States,Act ,Elena Kagan,Majority,Lora,United States
168,22-49,Lora v. United States,Act ,Neil Gorsuch,Majority,Lora,United States
169,22-49,Lora v. United States,Act ,Brett M. Kavanaugh,Majority,Lora,United States
170,22-49,Lora v. United States,Act ,Amy Coney Barrett,Majority,Lora,United States
171,21-1270,MOAC Mall Holdings LLC v. Transform Holdco LLC,Section ,Ketanji Brown Jackson,Majority,MOAC Mall Holdings LLC,Transform Holdco LLC
172,21-1270,MOAC Mall Holdings LLC v. Transform Holdco LLC,Section ,"John G. Roberts, Jr.",Majority,MOAC Mall Holdings LLC,Transform Holdco LLC
173,21-1270,MOAC Mall Holdings LLC v. Transform Holdco LLC,Section ,Clarence Thomas,Majority,MOAC Mall Holdings LLC,Transform Holdco LLC
174,21-1270,MOAC Mall Holdings LLC v. Transform Holdco LLC,Section ,"Samuel A. Alito, Jr.",Majority,MOAC Mall Holdings LLC,Transform Holdco LLC
175,21-1270,MOAC Mall Holdings LLC v. Transform Holdco LLC,Section ,Sonia Sotomayor,Majority,MOAC Mall Holdings LLC,Transform Holdco LLC
176,21-1270,MOAC Mall Holdings LLC v. Transform Holdco LLC,Section ,Elena Kagan,Majority,MOAC Mall Holdings LLC,Transform Holdco LLC
177,21-1270,MOAC Mall Holdings LLC v. Transform Holdco LLC,Section ,Neil Gorsuch,Majority,MOAC Mall Holdings LLC,Transform Holdco LLC
178,21-1270,MOAC Mall Holdings LLC v. Transform Holdco LLC,Section ,Brett M. Kavanaugh,Majority,MOAC Mall Holdings LLC,Transform Holdco LLC
179,21-1270,MOAC Mall Holdings LLC v. Transform Holdco LLC,Section ,Amy Coney Barrett,Majority,MOAC Mall Holdings LLC,Transform Holdco LLC
180,21-468,National Pork Producers Council v. Ross,Clause ,Neil Gorsuch,Majority,National Pork Producers Council,Ross
181,21-468,National Pork Producers Council v. Ross,Clause ,Clarence Thomas,Majority,National Pork Producers Council,Ross
182,21-468,National Pork Producers Council v. Ross,Clause ,Sonia Sotomayor,Majority,National Pork Producers Council,Ross
183,21-468,National Pork Producers Council v. Ross,Clause ,Elena Kagan,Majority,National Pork Producers Council,Ross
184,21-468,National Pork Producers Council v. Ross,Clause ,Amy Coney Barrett,Majority,National Pork Producers Council,Ross
185,21-468,National Pork Producers Council v. Ross,Clause ,"John G. Roberts, Jr.",Minority,National Pork Producers Council,Ross
186,21-468,National Pork Producers Council v. Ross,Clause ,"Samuel A. Alito, Jr.",Minority,National Pork Producers Council,Ross
187,21-468,National Pork Producers Council v. Ross,Clause ,Brett M. Kavanaugh,Minority,National Pork Producers Council,Ross
188,21-468,National Pork Producers Council v. Ross,Clause ,Ketanji Brown Jackson,Minority,National Pork Producers Council,Ross
189,156-orig,New York v. New Jersey,Clause ,Brett M. Kavanaugh,Majority,New York,New Jersey
190,156-orig,New York v. New Jersey,Clause ,"John G. Roberts, Jr.",Majority,New York,New Jersey
191,156-orig,New York v. New Jersey,Clause ,Clarence Thomas,Majority,New York,New Jersey
192,156-orig,New York v. New Jersey,Clause ,Sonia Sotomayor,Majority,New York,New Jersey
193,156-orig,New York v. New Jersey,Clause ,"Samuel A. Alito, Jr.",Majority,New York,New Jersey
194,156-orig,New York v. New Jersey,Clause ,Elena Kagan,Majority,New York,New Jersey
195,156-orig,New York v. New Jersey,Clause ,Neil Gorsuch,Majority,New York,New Jersey
196,156-orig,New York v. New Jersey,Clause ,Amy Coney Barrett,Majority,New York,New Jersey
197,156-orig,New York v. New Jersey,Clause ,Ketanji Brown Jackson,Majority,New York,New Jersey
198,21-1158,Percoco v. United States,Clause ,"Samuel A. Alito, Jr.",Majority,Percoco,United States
199,21-1158,Percoco v. United States,Clause ,"John G. Roberts, Jr.",Majority,Percoco,United States
200,21-1158,Percoco v. United States,Clause ,Clarence Thomas,Majority,Percoco,United States
201,21-1158,Percoco v. United States,Clause ,Sonia Sotomayor,Majority,Percoco,United States
202,21-1158,Percoco v. United States,Clause ,Elena Kagan,Majority,Percoco,United States
203,21-1158,Percoco v. United States,Clause ,Neil Gorsuch,Majority,Percoco,United States
204,21-1158,Percoco v. United States,Clause ,Brett M. Kavanaugh,Majority,Percoco,United States
205,21-1158,Percoco v. United States,Clause ,Amy Coney Barrett,Majority,Percoco,United States
206,21-1158,Percoco v. United States,Clause ,Ketanji Brown Jackson,Majority,Percoco,United States
207,21-887,"Perez v. Sturgis Public Schools, et al.",Act ,Neil Gorsuch,Majority,Perez,"Sturgis Public Schools, et al."
208,21-887,"Perez v. Sturgis Public Schools, et al.",Act ,"John G. Roberts, Jr.",Majority,Perez,"Sturgis Public Schools, et al."
209,21-887,"Perez v. Sturgis Public Schools, et al.",Act ,Clarence Thomas,Majority,Perez,"Sturgis Public Schools, et al."
210,21-887,"Perez v. Sturgis Public Schools, et al.",Act ,"Samuel A. Alito, Jr.",Majority,Perez,"Sturgis Public Schools, et al."
211,21-887,"Perez v. Sturgis Public Schools, et al.",Act ,Sonia Sotomayor,Majority,Perez,"Sturgis Public Schools, et al."
212,21-887,"Perez v. Sturgis Public Schools, et al.",Act ,Elena Kagan,Majority,Perez,"Sturgis Public Schools, et al."
213,21-887,"Perez v. Sturgis Public Schools, et al.",Act ,Brett M. Kavanaugh,Majority,Perez,"Sturgis Public Schools, et al."
214,21-887,"Perez v. Sturgis Public Schools, et al.",Act ,Amy Coney Barrett,Majority,Perez,"Sturgis Public Schools, et al."
215,21-1599,Polselli v. Internal Revenue Service,Act ,"John G. Roberts, Jr.",Majority,Polselli,Internal Revenue Service
216,21-1599,Polselli v. Internal Revenue Service,Act ,Clarence Thomas,Majority,Polselli,Internal Revenue Service
217,21-1599,Polselli v. Internal Revenue Service,Act ,"Samuel A. Alito, Jr.",Majority,Polselli,Internal Revenue Service
218,21-1599,Polselli v. Internal Revenue Service,Act ,Sonia Sotomayor,Majority,Polselli,Internal Revenue Service
219,21-1599,Polselli v. Internal Revenue Service,Act ,Elena Kagan,Majority,Polselli,Internal Revenue Service
220,21-1599,Polselli v. Internal Revenue Service,Act ,Neil Gorsuch,Majority,Polselli,Internal Revenue Service
221,21-1599,Polselli v. Internal Revenue Service,Act ,Brett M. Kavanaugh,Majority,Polselli,Internal Revenue Service
222,21-1599,Polselli v. Internal Revenue Service,Act ,Amy Coney Barrett,Majority,Polselli,Internal Revenue Service
223,21-1599,Polselli v. Internal Revenue Service,Act ,Ketanji Brown Jackson,Majority,Polselli,Internal Revenue Service
224,21-442,Reed v. Goertz,Act ,Brett M. Kavanaugh,Majority,Reed,Goertz
225,21-442,Reed v. Goertz,Act ,"John G. Roberts, Jr.",Majority,Reed,Goertz
226,21-442,Reed v. Goertz,Act ,Clarence Thomas,Minority,Reed,Goertz
227,21-442,Reed v. Goertz,Act ,"Samuel A. Alito, Jr.",Minority,Reed,Goertz
228,21-442,Reed v. Goertz,Act ,Neil Gorsuch,Minority,Reed,Goertz
229,21-442,Reed v. Goertz,Act ,Sonia Sotomayor,Majority,Reed,Goertz
230,21-442,Reed v. Goertz,Act ,Elena Kagan,Majority,Reed,Goertz
231,21-442,Reed v. Goertz,Act ,Amy Coney Barrett,Majority,Reed,Goertz
232,21-442,Reed v. Goertz,Act ,Ketanji Brown Jackson,Majority,Reed,Goertz
233,21-454,Sackett v. Environmental Protection Agency,Act ,"Samuel A. Alito, Jr.",Majority,Sackett,Environmental Protection Agency
234,21-454,Sackett v. Environmental Protection Agency,Act ,"John G. Roberts, Jr.",Majority,Sackett,Environmental Protection Agency
235,21-454,Sackett v. Environmental Protection Agency,Act ,Clarence Thomas,Majority,Sackett,Environmental Protection Agency
236,21-454,Sackett v. Environmental Protection Agency,Act ,Sonia Sotomayor,Minority,Sackett,Environmental Protection Agency
237,21-454,Sackett v. Environmental Protection Agency,Act ,Elena Kagan,Minority,Sackett,Environmental Protection Agency
238,21-454,Sackett v. Environmental Protection Agency,Act ,Neil Gorsuch,Majority,Sackett,Environmental Protection Agency
239,21-454,Sackett v. Environmental Protection Agency,Act ,Brett M. Kavanaugh,Minority,Sackett,Environmental Protection Agency
240,21-454,Sackett v. Environmental Protection Agency,Act ,Amy Coney Barrett,Majority,Sackett,Environmental Protection Agency
241,21-454,Sackett v. Environmental Protection Agency,Act ,Ketanji Brown Jackson,Minority,Sackett,Environmental Protection Agency
242,21-1436,Santos-Zacaria v. Garland,Clause ,Ketanji Brown Jackson,Majority,Santos-Zacaria,Garland
243,21-1436,Santos-Zacaria v. Garland,Clause ,"John G. Roberts, Jr.",Majority,Santos-Zacaria,Garland
244,21-1436,Santos-Zacaria v. Garland,Clause ,Sonia Sotomayor,Majority,Santos-Zacaria,Garland
245,21-1436,Santos-Zacaria v. Garland,Clause ,Elena Kagan,Majority,Santos-Zacaria,Garland
246,21-1436,Santos-Zacaria v. Garland,Clause ,Neil Gorsuch,Majority,Santos-Zacaria,Garland
247,21-1436,Santos-Zacaria v. Garland,Clause ,Brett M. Kavanaugh,Majority,Santos-Zacaria,Garland
248,21-1436,Santos-Zacaria v. Garland,Clause ,Amy Coney Barrett,Majority,Santos-Zacaria,Garland
249,21-1436,Santos-Zacaria v. Garland,Clause ,"Samuel A. Alito, Jr.",Majority,Santos-Zacaria,Garland
250,21-1436,Santos-Zacaria v. Garland,Clause ,Clarence Thomas,Majority,Santos-Zacaria,Garland
251,22-200,Slack Technologies v. Pirani,Act ,Neil Gorsuch,Majority,Slack Technologies,Pirani
252,22-200,Slack Technologies v. Pirani,Act ,"John G. Roberts, Jr.",Majority,Slack Technologies,Pirani
253,22-200,Slack Technologies v. Pirani,Act ,Clarence Thomas,Majority,Slack Technologies,Pirani
254,22-200,Slack Technologies v. Pirani,Act ,"Samuel A. Alito, Jr.",Majority,Slack Technologies,Pirani
255,22-200,Slack Technologies v. Pirani,Act ,Sonia Sotomayor,Majority,Slack Technologies,Pirani
256,22-200,Slack Technologies v. Pirani,Act ,Elena Kagan,Majority,Slack Technologies,Pirani
257,22-200,Slack Technologies v. Pirani,Act ,Brett M. Kavanaugh,Majority,Slack Technologies,Pirani
258,22-200,Slack Technologies v. Pirani,Act ,Amy Coney Barrett,Majority,Slack Technologies,Pirani
259,22-200,Slack Technologies v. Pirani,Act ,Ketanji Brown Jackson,Majority,Slack Technologies,Pirani
260,21-1576,Smith v. United States,Act ,"Samuel A. Alito, Jr.",Majority,Smith,United States
261,21-1576,Smith v. United States,Act ,"John G. Roberts, Jr.",Majority,Smith,United States
262,21-1576,Smith v. United States,Act ,Clarence Thomas,Majority,Smith,United States
263,21-1576,Smith v. United States,Act ,Sonia Sotomayor,Majority,Smith,United States
264,21-1576,Smith v. United States,Act ,Elena Kagan,Majority,Smith,United States
265,21-1576,Smith v. United States,Act ,Neil Gorsuch,Majority,Smith,United States
266,21-1576,Smith v. United States,Act ,Brett M. Kavanaugh,Majority,Smith,United States
267,21-1576,Smith v. United States,Act ,Amy Coney Barrett,Majority,Smith,United States
268,21-1576,Smith v. United States,Act ,Ketanji Brown Jackson,Majority,Smith,United States
269,21-1454,The Ohio Adjutant General’s Department v. Federal Labor Relations Authority,Act ,Clarence Thomas,Majority,The Ohio Adjutant General’s Department,Federal Labor Relations Authority
270,21-1454,The Ohio Adjutant General’s Department v. Federal Labor Relations Authority,Act ,"John G. Roberts, Jr.",Majority,The Ohio Adjutant General’s Department,Federal Labor Relations Authority
271,21-1454,The Ohio Adjutant General’s Department v. Federal Labor Relations Authority,Act ,"Samuel A. Alito, Jr.",Minority,The Ohio Adjutant General’s Department,Federal Labor Relations Authority
272,21-1454,The Ohio Adjutant General’s Department v. Federal Labor Relations Authority,Act ,Sonia Sotomayor,Majority,The Ohio Adjutant General’s Department,Federal Labor Relations Authority
273,21-1454,The Ohio Adjutant General’s Department v. Federal Labor Relations Authority,Act ,Elena Kagan,Majority,The Ohio Adjutant General’s Department,Federal Labor Relations Authority
274,21-1454,The Ohio Adjutant General’s Department v. Federal Labor Relations Authority,Act ,Neil Gorsuch,Minority,The Ohio Adjutant General’s Department,Federal Labor Relations Authority
275,21-1454,The Ohio Adjutant General’s Department v. Federal Labor Relations Authority,Act ,Brett M. Kavanaugh,Majority,The Ohio Adjutant General’s Department,Federal Labor Relations Authority
276,21-1454,The Ohio Adjutant General’s Department v. Federal Labor Relations Authority,Act ,Amy Coney Barrett,Majority,The Ohio Adjutant General’s Department,Federal Labor Relations Authority
277,21-1454,The Ohio Adjutant General’s Department v. Federal Labor Relations Authority,Act ,Ketanji Brown Jackson,Majority,The Ohio Adjutant General’s Department,Federal Labor Relations Authority
278,21-1450,Turkiye Halk Bankasi A.S. v. United States,Act ,Brett M. Kavanaugh,Majority,Turkiye Halk Bankasi A.S.,United States
279,21-1450,Turkiye Halk Bankasi A.S. v. United States,Act ,"John G. Roberts, Jr.",Majority,Turkiye Halk Bankasi A.S.,United States
280,21-1450,Turkiye Halk Bankasi A.S. v. United States,Act ,Clarence Thomas,Majority,Turkiye Halk Bankasi A.S.,United States
281,21-1450,Turkiye Halk Bankasi A.S. v. United States,Act ,"Samuel A. Alito, Jr.",Minority,Turkiye Halk Bankasi A.S.,United States
282,21-1450,Turkiye Halk Bankasi A.S. v. United States,Act ,Neil Gorsuch,Minority,Turkiye Halk Bankasi A.S.,United States
283,21-1450,Turkiye Halk Bankasi A.S. v. United States,Act ,Sonia Sotomayor,Majority,Turkiye Halk Bankasi A.S.,United States
284,21-1450,Turkiye Halk Bankasi A.S. v. United States,Act ,Elena Kagan,Majority,Turkiye Halk Bankasi A.S.,United States
285,21-1450,Turkiye Halk Bankasi A.S. v. United States,Act ,Amy Coney Barrett,Majority,Turkiye Halk Bankasi A.S.,United States
286,21-1450,Turkiye Halk Bankasi A.S. v. United States,Act ,Ketanji Brown Jackson,Majority,Turkiye Halk Bankasi A.S.,United States
287,21-1450,Turkiye Halk Bankasi A.S. v. United States,Act ,Brett M. Kavanaugh,Majority,Turkiye Halk Bankasi A.S.,United States
288,21-1450,Turkiye Halk Bankasi A.S. v. United States,Act ,"John G. Roberts, Jr.",Majority,Turkiye Halk Bankasi A.S.,United States
289,21-1450,Turkiye Halk Bankasi A.S. v. United States,Act ,Clarence Thomas,Majority,Turkiye Halk Bankasi A.S.,United States
290,21-1450,Turkiye Halk Bankasi A.S. v. United States,Act ,"Samuel A. Alito, Jr.",Majority,Turkiye Halk Bankasi A.S.,United States
291,21-1450,Turkiye Halk Bankasi A.S. v. United States,Act ,Sonia Sotomayor,Majority,Turkiye Halk Bankasi A.S.,United States
292,21-1450,Turkiye Halk Bankasi A.S. v. United States,Act ,Elena Kagan,Majority,Turkiye Halk Bankasi A.S.,United States
293,21-1450,Turkiye Halk Bankasi A.S. v. United States,Act ,Neil Gorsuch,Majority,Turkiye Halk Bankasi A.S.,United States
294,21-1450,Turkiye Halk Bankasi A.S. v. United States,Act ,Amy Coney Barrett,Majority,Turkiye Halk Bankasi A.S.,United States
295,21-1450,Turkiye Halk Bankasi A.S. v. United States,Act ,Ketanji Brown Jackson,Majority,Turkiye Halk Bankasi A.S.,United States
296,21-1496,"Twitter, Inc. v. Taamneh",Section ,Clarence Thomas,Majority,"Twitter, Inc.",Taamneh
297,21-1496,"Twitter, Inc. v. Taamneh",Section ,"John G. Roberts, Jr.",Majority,"Twitter, Inc.",Taamneh
298,21-1496,"Twitter, Inc. v. Taamneh",Section ,"Samuel A. Alito, Jr.",Majority,"Twitter, Inc.",Taamneh
299,21-1496,"Twitter, Inc. v. Taamneh",Section ,Sonia Sotomayor,Majority,"Twitter, Inc.",Taamneh
300,21-1496,"Twitter, Inc. v. Taamneh",Section ,Elena Kagan,Majority,"Twitter, Inc.",Taamneh
301,21-1496,"Twitter, Inc. v. Taamneh",Section ,Neil Gorsuch,Majority,"Twitter, Inc.",Taamneh
302,21-1496,"Twitter, Inc. v. Taamneh",Section ,Brett M. Kavanaugh,Majority,"Twitter, Inc.",Taamneh
303,21-1496,"Twitter, Inc. v. Taamneh",Section ,Amy Coney Barrett,Majority,"Twitter, Inc.",Taamneh
304,21-1496,"Twitter, Inc. v. Taamneh",Section ,Ketanji Brown Jackson,Majority,"Twitter, Inc.",Taamneh
305,22-166,"Tyler v. Hennepin County, Minnesota",Clause ,"John G. Roberts, Jr.",Majority,Tyler,"Hennepin County, Minnesota"
306,22-166,"Tyler v. Hennepin County, Minnesota",Clause ,Clarence Thomas,Majority,Tyler,"Hennepin County, Minnesota"
307,22-166,"Tyler v. Hennepin County, Minnesota",Clause ,"Samuel A. Alito, Jr.",Majority,Tyler,"Hennepin County, Minnesota"
308,22-166,"Tyler v. Hennepin County, Minnesota",Clause ,Sonia Sotomayor,Majority,Tyler,"Hennepin County, Minnesota"
309,22-166,"Tyler v. Hennepin County, Minnesota",Clause ,Elena Kagan,Majority,Tyler,"Hennepin County, Minnesota"
310,22-166,"Tyler v. Hennepin County, Minnesota",Clause ,Neil Gorsuch,Majority,Tyler,"Hennepin County, Minnesota"
311,22-166,"Tyler v. Hennepin County, Minnesota",Clause ,Brett M. Kavanaugh,Majority,Tyler,"Hennepin County, Minnesota"
312,22-166,"Tyler v. Hennepin County, Minnesota",Clause ,Amy Coney Barrett,Majority,Tyler,"Hennepin County, Minnesota"
313,22-166,"Tyler v. Hennepin County, Minnesota",Clause ,Ketanji Brown Jackson,Majority,Tyler,"Hennepin County, Minnesota"
314,21-1326,U.S. ex rel. Schutte v. SuperValu Inc.,Act ,Clarence Thomas,Majority,U.S. ex rel. Schutte,SuperValu Inc.
315,21-1326,U.S. ex rel. Schutte v. SuperValu Inc.,Act ,"John G. Roberts, Jr.",Majority,U.S. ex rel. Schutte,SuperValu Inc.
316,21-1326,U.S. ex rel. Schutte v. SuperValu Inc.,Act ,"Samuel A. Alito, Jr.",Majority,U.S. ex rel. Schutte,SuperValu Inc.
317,21-1326,U.S. ex rel. Schutte v. SuperValu Inc.,Act ,Sonia Sotomayor,Majority,U.S. ex rel. Schutte,SuperValu Inc.
318,21-1326,U.S. ex rel. Schutte v. SuperValu Inc.,Act ,Elena Kagan,Majority,U.S. ex rel. Schutte,SuperValu Inc.
319,21-1326,U.S. ex rel. Schutte v. SuperValu Inc.,Act ,Neil Gorsuch,Majority,U.S. ex rel. Schutte,SuperValu Inc.
320,21-1326,U.S. ex rel. Schutte v. SuperValu Inc.,Act ,Brett M. Kavanaugh,Majority,U.S. ex rel. Schutte,SuperValu Inc.
321,21-1326,U.S. ex rel. Schutte v. SuperValu Inc.,Act ,Amy Coney Barrett,Majority,U.S. ex rel. Schutte,SuperValu Inc.
322,21-1326,U.S. ex rel. Schutte v. SuperValu Inc.,Act ,Ketanji Brown Jackson,Majority,U.S. ex rel. Schutte,SuperValu Inc.
323,21-1052,"U.S., ex rel. Polansky v. Executive Health Resources",Act ,Elena Kagan,Majority,"U.S., ex rel. Polansky",Executive Health Resources
324,21-1052,"U.S., ex rel. Polansky v. Executive Health Resources",Act ,"John G. Roberts, Jr.",Majority,"U.S., ex rel. Polansky",Executive Health Resources
325,21-1052,"U.S., ex rel. Polansky v. Executive Health Resources",Act ,Clarence Thomas,Minority,"U.S., ex rel. Polansky",Executive Health Resources
326,21-1052,"U.S., ex rel. Polansky v. Executive Health Resources",Act ,Sonia Sotomayor,Majority,"U.S., ex rel. Polansky",Executive Health Resources
327,21-1052,"U.S., ex rel. Polansky v. Executive Health Resources",Act ,Neil Gorsuch,Majority,"U.S., ex rel. Polansky",Executive Health Resources
328,21-1052,"U.S., ex rel. Polansky v. Executive Health Resources",Act ,Brett M. Kavanaugh,Majority,"U.S., ex rel. Polansky",Executive Health Resources
329,21-1052,"U.S., ex rel. Polansky v. Executive Health Resources",Act ,Amy Coney Barrett,Majority,"U.S., ex rel. Polansky",Executive Health Resources
330,21-1052,"U.S., ex rel. Polansky v. Executive Health Resources",Act ,Ketanji Brown Jackson,Majority,"U.S., ex rel. Polansky",Executive Health Resources
331,21-1052,"U.S., ex rel. Polansky v. Executive Health Resources",Act ,"Samuel A. Alito, Jr.",Majority,"U.S., ex rel. Polansky",Executive Health Resources
332,21-1164,Wilkins v. United States,Act ,Sonia Sotomayor,Majority,Wilkins,United States
333,21-1164,Wilkins v. United States,Act ,Elena Kagan,Majority,Wilkins,United States
334,21-1164,Wilkins v. United States,Act ,Neil Gorsuch,Majority,Wilkins,United States
335,21-1164,Wilkins v. United States,Act ,Brett M. Kavanaugh,Majority,Wilkins,United States
336,21-1164,Wilkins v. United States,Act ,Amy Coney Barrett,Majority,Wilkins,United States
337,21-1164,Wilkins v. United States,Act ,Ketanji Brown Jackson,Majority,Wilkins,United States
338,21-1164,Wilkins v. United States,Act ,Clarence Thomas,Minority,Wilkins,United States
339,21-1164,Wilkins v. United States,Act ,"John G. Roberts, Jr.",Minority,Wilkins,United States
340,21-1164,Wilkins v. United States,Act ,"Samuel A. Alito, Jr.",Minority,Wilkins,United States
